{"images":{"mappings":{"images":{"properties":{"path":{"type":"text","fields":{"keyword":{"type":"keyword","ignore_above":256}}},"signature":{"type":"long"},"simple_word_0":{"type":"long"},"simple_word_1":{"type":"long"},"simple_word_10":{"type":"long"},"simple_word_11":{"type":"long"},"simple_word_12":{"type":"long"},"simple_word_13":{"type":"long"},"simple_word_14":{"type":"long"},"simple_word_15":{"type":"long"},"simple_word_16":{"type":"long"},"simple_word_17":{"type":"long"},"simple_word_18":{"type":"long"},"simple_word_19":{"type":"long"},"simple_word_2":{"type":"long"},"simple_word_20":{"type":"long"},"simple_word_21":{"type":"long"},"simple_word_22":{"type":"long"},"simple_word_23":{"type":"long"},"simple_word_24":{"type":"long"},"simple_word_25":{"type":"long"},"simple_word_26":{"type":"long"},"simple_word_27":{"type":"long"},"simple_word_28":{"type":"long"},"simple_word_29":{"type":"long"},"simple_word_3":{"type":"long"},"simple_word_30":{"type":"long"},"simple_word_31":{"type":"long"},"simple_word_32":{"type":"long"},"simple_word_33":{"type":"long"},"simple_word_34":{"type":"long"},"simple_word_35":{"type":"long"},"simple_word_36":{"type":"long"},"simple_word_37":{"type":"long"},"simple_word_38":{"type":"long"},"simple_word_39":{"type":"long"},"simple_word_4":{"type":"long"},"simple_word_40":{"type":"long"},"simple_word_41":{"type":"long"},"simple_word_42":{"type":"long"},"simple_word_43":{"type":"long"},"simple_word_44":{"type":"long"},"simple_word_45":{"type":"long"},"simple_word_46":{"type":"long"},"simple_word_47":{"type":"long"},"simple_word_48":{"type":"long"},"simple_word_49":{"type":"long"},"simple_word_5":{"type":"long"},"simple_word_50":{"type":"long"},"simple_word_51":{"type":"long"},"simple_word_52":{"type":"long"},"simple_word_53":{"type":"long"},"simple_word_54":{"type":"long"},"simple_word_55":{"type":"long"},"simple_word_56":{"type":"long"},"simple_word_57":{"type":"long"},"simple_word_58":{"type":"long"},"simple_word_59":{"type":"long"},"simple_word_6":{"type":"long"},"simple_word_60":{"type":"long"},"simple_word_61":{"type":"long"},"simple_word_62":{"type":"long"},"simple_word_7":{"type":"long"},"simple_word_8":{"type":"long"},"simple_word_9":{"type":"long"},"timestamp":{"type":"date"}}}}}}
